sc23 company name,sc23 booth number,sc23 booth area sqft,sc23 normalized company name,sc24 company name,sc24 booth number,sc24 booth area sqft,sc24 normalized company name,canonical name,max booth area sqft,sqft increase,sqft abs change
Dell Technologies,625,1500.0,dell technologies,Dell Technologies,4357,3200.0,dell technologies,dell technologies,3200.0,1700.0,1700.0
Korea Semiconductor Industry Association,663,2500.0,korea semiconductor industry association,Korea Semiconductor Industry Association,1531,900.0,korea semiconductor industry association,korea semiconductor industry association,2500.0,-1600.0,1600.0
,,0.0,,STULZ,1748,1600.0,stulz,stulz,1600.0,1600.0,1600.0
HLRS,409,900.0,hlrs,HLRS,2231,2500.0,hlrs,hlrs,2500.0,1600.0,1600.0
"USystems, Brand of Legrand",1885,400.0,usystems brand of legrand,"USystems, Brand of Legrand",721,2000.0,usystems brand of legrand,usystems brand of legrand,2000.0,1600.0,1600.0
Penguin Solutions,843,2500.0,penguin solutions,Penguin Solutions,1523,900.0,penguin solutions,penguin solutions,2500.0,-1600.0,1600.0
NVIDIA Corporation,3305,100.0,nvidia,NVIDIA Corporation,2523,1500.0,nvidia,nvidia,1500.0,1400.0,1400.0
Carahsoft,498,225.0,carahsoft,Carahsoft Technology Corp.,2813,1500.0,carahsoft,carahsoft,1500.0,1275.0,1275.0
Vertiv,2063,400.0,vertiv,Vertiv,1241,1600.0,vertiv,vertiv,1600.0,1200.0,1200.0
SourceCode,2001,400.0,sourcecode,Boston Limited / Source Code,1503,1500.0,sourcecode,sourcecode,1500.0,1100.0,1100.0
Arc Compute,633,2000.0,arc compute,Arc Compute,1917,3000.0,arc compute,arc compute,3000.0,1000.0,1000.0
Oracle,937,1000.0,oracle,Oracle,3419,2000.0,oracle,oracle,2000.0,1000.0,1000.0
,,0.0,,"NetApp, Inc.",3302,900.0,netapp,netapp,900.0,900.0,900.0
Iris Energy,3303,100.0,iris energy,Iris Energy Limited (dba IREN),3531,1000.0,iris energy,iris energy,1000.0,900.0,900.0
SUPERMICRO,1325,1600.0,supermicro,SUPERMICRO,2531,2500.0,supermicro,supermicro,2500.0,900.0,900.0
,,0.0,,"Samsung Semiconductor, Inc.",3314,900.0,samsung semiconductor inc,samsung semiconductor inc,900.0,900.0,900.0
CGG,1543,2000.0,viridien,Viridien,1223,1200.0,viridien,viridien,2000.0,-800.0,800.0
,,0.0,,Delta Electronics (Americas) Ltd.,1251,800.0,delta electronics americas ltd,delta electronics americas ltd,800.0,800.0,800.0
Midas Immersion Cooling,1891,100.0,midas immersion cooling,Midas Immersion Cooling,831,900.0,midas immersion cooling,midas immersion cooling,900.0,800.0,800.0
,,0.0,,Ansys,2741,800.0,ansys,ansys,800.0,800.0,800.0
GIGABYTE,112,256.0,gigabyte,GIGABYTE,3123,900.0,gigabyte,gigabyte,900.0,644.0,644.0
Symbiosys Alliance,1955,600.0,symbiosys alliance,,,0.0,,symbiosys alliance,600.0,-600.0,600.0
,,0.0,,Wistron Corporation,423,600.0,wistron corporation,wistron corporation,600.0,600.0,600.0
Tenstorrent,1707,600.0,tenstorrent,,,0.0,,tenstorrent,600.0,-600.0,600.0
,,0.0,,Micron Technology,2643,600.0,micron technology,micron technology,600.0,600.0,600.0
,,0.0,,AMI,4715,600.0,ami,ami,600.0,600.0,600.0
,,0.0,,Valvoline Global Operations,4815,600.0,valvoline global operations,valvoline global operations,600.0,600.0,600.0
SUSE LLC,535,600.0,suse llc,,,0.0,,suse llc,600.0,-600.0,600.0
,,0.0,,Schneider Electric,4701,600.0,schneider electric,schneider electric,600.0,600.0,600.0
,,0.0,,PEGATRON,403,600.0,pegatron,pegatron,600.0,600.0,600.0
,,0.0,,Nebius,3731,600.0,nebius,nebius,600.0,600.0,600.0
,,0.0,,Airedale by Modine,431,600.0,airedale by modine,airedale by modine,600.0,600.0,600.0
Seagate Technology,335,400.0,seagate,Seagate Technology,3431,1000.0,seagate,seagate,1000.0,600.0,600.0
,,0.0,,Boundary Electric,4125,600.0,boundary electric,boundary electric,600.0,600.0,600.0
LITEON,481,900.0,liteon,LITEON,1431,1500.0,liteon,liteon,1500.0,600.0,600.0
ASUS,298,225.0,asus,ASUS,1716,800.0,asus,asus,800.0,575.0,575.0
SambaNova Systems,138,256.0,sambanova systems,SambaNova Systems,2309,800.0,sambanova systems,sambanova systems,800.0,544.0,544.0
Intel Corporation,617,1500.0,intel corporation,Intel Corporation,1704,2000.0,intel corporation,intel corporation,2000.0,500.0,500.0
DUG Technology,2255,100.0,dug,DUG Technology (Australia) Ltd,531,600.0,dug,dug,600.0,500.0,500.0
CoreWeave,1373,900.0,coreweave,CoreWeave,4709,400.0,coreweave,coreweave,900.0,-500.0,500.0
"Cooler Master Co., Ltd.",1801,1500.0,cooler master co ltd,"Cooler Master Co., Ltd.",2509,1000.0,cooler master co ltd,cooler master co ltd,1500.0,-500.0,500.0
AWS,1001,2500.0,aws,AWS,2501,2000.0,aws,aws,2500.0,-500.0,500.0
"MangoBoost, Inc.",1597,100.0,mangoboost inc,"MangoBoost, Inc.",503,600.0,mangoboost inc,mangoboost inc,600.0,500.0,500.0
iM,1793,100.0,im,iM COmpanies,4407,600.0,im,im,600.0,500.0,500.0
Z by HP,207,400.0,z by hp,,,0.0,,z by hp,400.0,-400.0,400.0
,,0.0,,Broadcom,2803,400.0,broadcom,broadcom,400.0,400.0,400.0
One Stop Systems,1825,600.0,one stop systems,One Stop Systems,2512,200.0,one stop systems,one stop systems,600.0,-400.0,400.0
FriendliAI,901,400.0,friendliai,,,0.0,,friendliai,400.0,-400.0,400.0
SNIA,1403,400.0,snia,,,0.0,,snia,400.0,-400.0,400.0
General Dynamics,1225,400.0,general dynamics,,,0.0,,general dynamics,400.0,-400.0,400.0
Gnosis Research Center - Illinois Institute of Technology,2189,400.0,illinois tech,,,0.0,,illinois tech,400.0,-400.0,400.0
,,0.0,,EDB,4743,400.0,edb,edb,400.0,400.0,400.0
,,0.0,,ProLabs,4837,400.0,prolabs,prolabs,400.0,400.0,400.0
,,0.0,,RANOVUS,445,400.0,ranovus,ranovus,400.0,400.0,400.0
,,0.0,,SAIHEAT,4809,400.0,saiheat,saiheat,400.0,400.0,400.0
"Arm, Inc.",1969,400.0,arm inc,,,0.0,,arm inc,400.0,-400.0,400.0
,,0.0,,Storj + Valdi.ai,851,400.0,storj valdiai,storj valdiai,400.0,400.0,400.0
,,0.0,,South Carolina Research Computing Consortium,451,400.0,south carolina research computing consortium,south carolina research computing consortium,400.0,400.0,400.0
,,0.0,,Ori,3855,400.0,ori,ori,400.0,400.0,400.0
,,0.0,,Tennessee Tech University,751,400.0,tennessee tech university,tennessee tech university,400.0,400.0,400.0
,,0.0,,"ENEOS USA, Inc.",4731,400.0,eneos usa inc,eneos usa inc,400.0,400.0,400.0
DigitalOcean,331,400.0,digitalocean,,,0.0,,digitalocean,400.0,-400.0,400.0
,,0.0,,ionstream.ai,3915,400.0,ionstreamai,ionstreamai,400.0,400.0,400.0
Achronix Semiconductor Corporation,2019,400.0,achronix semiconductor corporation,,,0.0,,achronix semiconductor corporation,400.0,-400.0,400.0
,,0.0,,Fast Photonics Inc,4445,400.0,fast photonics inc,fast photonics inc,400.0,400.0,400.0
,,0.0,,Fortune&One,4843,400.0,fortuneone,fortuneone,400.0,400.0,400.0
,,0.0,,General Dynamics Information Technology (GDIT),3631,400.0,general dynamics information technology gdit,general dynamics information technology gdit,400.0,400.0,400.0
Cooltera Limited,1775,400.0,cooltera limited,,,0.0,,cooltera limited,400.0,-400.0,400.0
Nyriad Inc.,2131,400.0,nyriad inc,,,0.0,,nyriad inc,400.0,-400.0,400.0
,,0.0,,Hypertec,539,400.0,hypertec,hypertec,400.0,400.0,400.0
,,0.0,,MARA,4831,400.0,mara,mara,400.0,400.0,400.0
,,0.0,,Strategic Thermal Labs,3755,400.0,strategic thermal labs,strategic thermal labs,400.0,400.0,400.0
,,0.0,,CoCoLink,2951,400.0,cocolink,cocolink,400.0,400.0,400.0
"Solid State Storage Technology Corporation, SSSTC",2007,400.0,ssstc,,,0.0,,ssstc,400.0,-400.0,400.0
NEUCHIPS INC.,2099,400.0,neuchips inc,,,0.0,,neuchips inc,400.0,-400.0,400.0
Nimbus Data,1881,400.0,nimbus data,,,0.0,,nimbus data,400.0,-400.0,400.0
,,0.0,,Exhibitor Lounge,4861,400.0,exhibitor lounge,exhibitor lounge,400.0,400.0,400.0
,,0.0,,INAF,439,400.0,inaf,inaf,400.0,400.0,400.0
VAST Data,1343,1600.0,vast data,VAST Data,1722,1200.0,vast data,vast data,1600.0,-400.0,400.0
Lambda,1601,800.0,lambda,Lambda,2715,400.0,lambda,lambda,800.0,-400.0,400.0
Viking Enterprise Solutions,1975,400.0,viking enterprise solutions,Viking Enterprise Solutions,2105,800.0,viking enterprise solutions,viking enterprise solutions,800.0,400.0,400.0
Data in Science Corporation,555,500.0,data in science corporation,Data in Science Corporation,1451,900.0,data in science corporation,data in science corporation,900.0,400.0,400.0
Partnership for Advanced Computing in Europe (PRACE),2171,800.0,partnership for advanced computing in europe prace,Partnership for Advanced Computing in Europe (PRACE),4055,400.0,partnership for advanced computing in europe prace,partnership for advanced computing in europe prace,800.0,-400.0,400.0
nVent,1501,1200.0,nvent,nVent,1738,1600.0,nvent,nvent,1600.0,400.0,400.0
"CIQ: Fuzzball/HPC-2.0, Rocky Linux, Apptainer/Singularity, Warewulf",1855,600.0,ciq,CIQ,4131,1000.0,ciq,ciq,1000.0,400.0,400.0
Pure Storage,1353,1600.0,pure storage,Pure Storage,1231,1200.0,pure storage,pure storage,1600.0,-400.0,400.0
Rittal GmbH & Co. KG,1,6.0,rittal,Rittal GmbH & Co. KG,551,400.0,rittal,rittal,400.0,394.0,394.0
QCT,799,225.0,qct,QCT,1013,600.0,qct,qct,600.0,375.0,375.0
NCAR,1517,900.0,ncar,NCAR,931,600.0,ncar,ncar,900.0,-300.0,300.0
QScale,250,300.0,qscale,,,0.0,,qscale,300.0,-300.0,300.0
Google LLC,443,1500.0,google llc,Google LLC,1730,1200.0,google llc,google llc,1500.0,-300.0,300.0
DDN - The Ai Data Company,1335,900.0,ddn,DDN,2431,600.0,ddn,ddn,900.0,-300.0,300.0
Submer,1043,300.0,submer,Submer,2723,600.0,submer,submer,600.0,300.0,300.0
Hitachi Vantara,1981,600.0,hitachi vantara,Hitachi Vantara,1549,900.0,hitachi vantara,hitachi vantara,900.0,300.0,300.0
PASQAL,2705,100.0,pasqal,Pasqal,4451,400.0,pasqal,pasqal,400.0,300.0,300.0
Bluefors,2804,100.0,bluefors,Bluefors,4339,400.0,bluefors,bluefors,400.0,300.0,300.0
"PIER Group, LLC",100,256.0,pier group llc,,,0.0,,pier group llc,256.0,-256.0,256.0
Unifabrix,2315,225.0,unifabrix,,,0.0,,unifabrix,225.0,-225.0,225.0
HPE,2321,225.0,hpe,,,0.0,,hpe,225.0,-225.0,225.0
"Microchip Technology, Inc.",2331,225.0,microchip technology inc,,,0.0,,microchip technology inc,225.0,-225.0,225.0
Alabama Supercomputer Authority,2138,100.0,alabama supercomputer authority,Alabama Supercomputer Authority,3738,300.0,alabama supercomputer authority,alabama supercomputer authority,300.0,200.0,200.0
,,0.0,,NNDC (New Nordic Data Cooling),4533,200.0,nndc new nordic data cooling,nndc new nordic data cooling,200.0,200.0,200.0
StorONE,2606,100.0,storone,StorONE,731,300.0,storone,storone,300.0,200.0,200.0
MEGWARE Computer,2055,200.0,megware computer,,,0.0,,megware computer,200.0,-200.0,200.0
InFlux Technologies Limited,789,200.0,influx technologies limited,,,0.0,,influx technologies limited,200.0,-200.0,200.0
Numerical Algorithms Group,813,200.0,numerical algorithms group,,,0.0,,numerical algorithms group,200.0,-200.0,200.0
Crusoe,2094,200.0,crusoe,,,0.0,,crusoe,200.0,-200.0,200.0
ACROSS & SEA projects,214,200.0,across sea projects,,,0.0,,across sea projects,200.0,-200.0,200.0
Lightelligence,1392,200.0,lightelligence,,,0.0,,lightelligence,200.0,-200.0,200.0
CoCoLink Corp.,274,200.0,cocolink corp,,,0.0,,cocolink corp,200.0,-200.0,200.0
ITBL Community,1701,400.0,itbl community,ITBL Community,3924,200.0,itbl community,itbl community,400.0,-200.0,200.0
ZutaCore,2600,200.0,zutacore,ZutaCore,545,400.0,zutacore,zutacore,400.0,200.0,200.0
Fujifilm Data Storage Solutions,2225,200.0,fujifilm data storage solutions,,,0.0,,fujifilm data storage solutions,200.0,-200.0,200.0
Advanced Computing Center for Research and Education,1743,1000.0,advanced computing center for research and education,Advanced Computing Center for Research and Education,3713,800.0,advanced computing center for research and education,advanced computing center for research and education,1000.0,-200.0,200.0
Enfabrica,586,200.0,enfabrica,Enfabrica,2115,400.0,enfabrica,enfabrica,400.0,200.0,200.0
,,0.0,,Renesas Electronics America,402,200.0,renesas electronics america,renesas electronics america,200.0,200.0,200.0
National Radio Astronomy Observatory,971,200.0,national radio astronomy observatory,,,0.0,,national radio astronomy observatory,200.0,-200.0,200.0
AIC Inc.,2037,200.0,aic inc,AIC Inc.,1107,400.0,aic inc,aic inc,400.0,200.0,200.0
Arcitecta,795,200.0,arcitecta,Arcitecta,2851,400.0,arcitecta,arcitecta,400.0,200.0,200.0
Apaltek Co. Ltd.,1689,400.0,apaltek,Shenzhen Apaltek Co. Ltd.,4214,200.0,apaltek,apaltek,400.0,-200.0,200.0
KISTI,1571,1200.0,kisti,KISTI,3443,1000.0,kisti,kisti,1200.0,-200.0,200.0
Dolphin Interconnect Solutions AS,242,200.0,dolphin interconnect solutions as,,,0.0,,dolphin interconnect solutions as,200.0,-200.0,200.0
CSC-IT Center for Science / LUMI,206,200.0,cscit center for science lumi,,,0.0,,cscit center for science lumi,200.0,-200.0,200.0
,,0.0,,Quantinuum,4351,200.0,quantinuum,quantinuum,200.0,200.0,200.0
Boyd,200,200.0,boyd,Boyd,4515,400.0,boyd,boyd,400.0,200.0,200.0
Maxwell Labs,1074,200.0,maxwell labs,,,0.0,,maxwell labs,200.0,-200.0,200.0
,,0.0,,Cisco,2043,200.0,cisco,cisco,200.0,200.0,200.0
,,0.0,,nAG,2508,200.0,nag,nag,200.0,200.0,200.0
,,0.0,,EticaAG,1300,200.0,eticaag,eticaag,200.0,200.0,200.0
atNorth,289,200.0,atnorth,,,0.0,,atnorth,200.0,-200.0,200.0
,,0.0,,Dolphin Interconnect Solutions,1014,200.0,dolphin interconnect solutions,dolphin interconnect solutions,200.0,200.0,200.0
,,0.0,,"KAORI Heat Treatment Co., Ltd.",450,200.0,kaori heat treatment co ltd,kaori heat treatment co ltd,200.0,200.0,200.0
,,0.0,,LINKS Foundation Research Center,4039,200.0,links foundation research center,links foundation research center,200.0,200.0,200.0
,,0.0,,Lessengers,609,200.0,lessengers,lessengers,200.0,200.0,200.0
,,0.0,,Applied Digital,4859,200.0,applied digital,applied digital,200.0,200.0,200.0
cunoFS,1487,200.0,cunofs,,,0.0,,cunofs,200.0,-200.0,200.0
,,0.0,,"AEWIN Technologies Co., Ltd.",1146,200.0,aewin technologies co ltd,aewin technologies co ltd,200.0,200.0,200.0
,,0.0,,Dnotitia,442,200.0,dnotitia,dnotitia,200.0,200.0,200.0
,,0.0,,Nscale,2659,200.0,nscale,nscale,200.0,200.0,200.0
,,0.0,,Accelsius,4048,200.0,accelsius,accelsius,200.0,200.0,200.0
,,0.0,,Aetina USA Corporation,420,200.0,aetina usa corporation,aetina usa corporation,200.0,200.0,200.0
,,0.0,,Link Oregon,750,200.0,link oregon,link oregon,200.0,200.0,200.0
,,0.0,,NPO Tsukuba OSS Technical Support Center / Supercomputing Japan,4624,200.0,npo tsukuba oss technical support center supercomputing japan,npo tsukuba oss technical support center supercomputing japan,200.0,200.0,200.0
,,0.0,,FLC Technology,3649,200.0,flc technology,flc technology,200.0,200.0,200.0
MemVerge,1407,200.0,memverge,,,0.0,,memverge,200.0,-200.0,200.0
,,0.0,,The Cloud Minders,4700,200.0,the cloud minders,the cloud minders,200.0,200.0,200.0
,,0.0,,Gates,4708,200.0,gates,gates,200.0,200.0,200.0
NSTDA Supercomputer Center (ThaiSC),2174,200.0,nstda supercomputer center thaisc,,,0.0,,nstda supercomputer center thaisc,200.0,-200.0,200.0
,,0.0,,SANYO DENKI AMERICA,4605,200.0,sanyo denki america,sanyo denki america,200.0,200.0,200.0
"Shenzhen Gooxi Information Security Co., Ltd.",381,200.0,shenzhen gooxi information security co ltd,,,0.0,,shenzhen gooxi information security co ltd,200.0,-200.0,200.0
,,0.0,,Step Computing DBA Outerbounds,516,200.0,step computing dba outerbounds,step computing dba outerbounds,200.0,200.0,200.0
Wisetek,2180,200.0,wisetek,,,0.0,,wisetek,200.0,-200.0,200.0
Rocky Mountain Advanced Computing Consortium (RMACC),2215,200.0,rocky mountain advanced computing consortium rmacc,,,0.0,,rocky mountain advanced computing consortium rmacc,200.0,-200.0,200.0
,,0.0,,d-Matrix,434,200.0,dmatrix,dmatrix,200.0,200.0,200.0
,,0.0,,World Wide Technology,4849,200.0,world wide technology,world wide technology,200.0,200.0,200.0
,,0.0,,Sealing Technologies,4630,200.0,sealing technologies,sealing technologies,200.0,200.0,200.0
,,0.0,,DiCon Fiberoptics,4340,200.0,dicon fiberoptics,dicon fiberoptics,200.0,200.0,200.0
,,0.0,,Phison Technology,4541,200.0,phison technology,phison technology,200.0,200.0,200.0
,,0.0,,Parallel Works,4650,200.0,parallel works,parallel works,200.0,200.0,200.0
,,0.0,,Infostream,730,200.0,infostream,infostream,200.0,200.0,200.0
,,0.0,,In Win Development (U.S.A.) Inc.,4640,200.0,in win development usa inc,in win development usa inc,200.0,200.0,200.0
Volex Inc.,3101,200.0,volex inc,,,0.0,,volex inc,200.0,-200.0,200.0
,,0.0,,Georgia State University,4639,200.0,georgia state university,georgia state university,200.0,200.0,200.0
,,0.0,,CSC - IT Center for Science LUMI,4241,200.0,csc it center for science lumi,csc it center for science lumi,200.0,200.0,200.0
Colorado School of Mines,262,200.0,colorado school of mines,,,0.0,,colorado school of mines,200.0,-200.0,200.0
,,0.0,,"Southco, Inc",4608,200.0,southco inc,southco inc,200.0,200.0,200.0
,,0.0,,MEGWARE,3045,200.0,megware,megware,200.0,200.0,200.0
2CRSi,2109,600.0,2crsi,2CRSi,4823,400.0,2crsi,2crsi,600.0,-200.0,200.0
Georgia Institute of Technology,957,600.0,georgia institute of technology,Georgia Institute of Technology,4415,800.0,georgia institute of technology,georgia institute of technology,800.0,200.0,200.0
"SiliconANGLE Media, Inc.",997,600.0,siliconangle media inc,"SiliconANGLE Media, Inc.",3513,400.0,siliconangle media inc,siliconangle media inc,600.0,-200.0,200.0
Attendee Lounge,273,600.0,attendee lounge,Attendee Lounge,4755,400.0,attendee lounge,attendee lounge,600.0,-200.0,200.0
"Micro-Star INT'L Co., Ltd.",1592,200.0,microstar intl co ltd,"Micro-Star INT'L CO., LTD",3655,400.0,microstar intl co ltd,microstar intl co ltd,400.0,200.0,200.0
IBM,1925,800.0,ibm,IBM,1831,600.0,ibm,ibm,800.0,-200.0,200.0
Panasas,437,600.0,vdura,VDURA,2209,800.0,vdura,vdura,800.0,200.0,200.0
Jonhon,2095,200.0,jonhon,Jonhon,3741,400.0,jonhon,jonhon,400.0,200.0,200.0
NEC Corporation,519,400.0,nec corporation,NEC Corporation,2423,600.0,nec corporation,nec corporation,600.0,200.0,200.0
The University of Tennessee,231,400.0,the university of tennessee,The University of Tennessee,3150,200.0,the university of tennessee,the university of tennessee,400.0,-200.0,200.0
DDC Cabinet Technology,775,400.0,ddc,DDC Solutions,1413,600.0,ddc,ddc,600.0,200.0,200.0
Nokia,587,400.0,nokia,Nokia,1823,600.0,nokia,nokia,600.0,200.0,200.0
Quandela,2601,400.0,quandela,Quandela,4450,200.0,quandela,quandela,400.0,-200.0,200.0
Mississippi State University,1635,600.0,mississippi state university,Mississippi State University,1131,800.0,mississippi state university,mississippi state university,800.0,200.0,200.0
The Ohio State University,1680,200.0,the ohio state university,The Ohio State University,745,400.0,the ohio state university,the ohio state university,400.0,200.0,200.0
StarLight,1281,600.0,starlight,StarLight,2551,400.0,starlight,starlight,600.0,-200.0,200.0
Arista Networks,981,400.0,arista networks,Arista Networks,2141,600.0,arista networks,arista networks,600.0,200.0,200.0
Juniper Networks,1169,400.0,juniper networks,Juniper Networks,2142,200.0,juniper networks,juniper networks,400.0,-200.0,200.0
Great Plains Network,1763,600.0,great plains network,Great Plains Network,1849,400.0,great plains network,great plains network,600.0,-200.0,200.0
PCI-SIG,1401,200.0,pcisig,PCI-SIG,3354,400.0,pcisig,pcisig,400.0,200.0,200.0
Hammerspace,2137,400.0,hammerspace,Hammerspace,4723,600.0,hammerspace,hammerspace,600.0,200.0,200.0
Flatiron Institute,887,400.0,flatiron institute,Flatiron Institute,523,600.0,flatiron institute,flatiron institute,600.0,200.0,200.0
University of Texas at Dallas,881,400.0,university of texas at dallas,University of Texas at Dallas,3747,600.0,university of texas at dallas,university of texas at dallas,600.0,200.0,200.0
"National Supercomputing Centre (NSCC), A*STAR Research Entities",2335,225.0,astar,A*STAR NSCC Singapore,805,400.0,astar,astar,400.0,175.0,175.0
Rescale,398,225.0,rescale,Rescale,4803,400.0,rescale,rescale,400.0,175.0,175.0
Lightmatter,898,225.0,lightmatter,Lightmatter,511,400.0,lightmatter,lightmatter,400.0,175.0,175.0
Quantum Machines,698,225.0,quantum machines,Quantum Machines,746,100.0,quantum machines,quantum machines,225.0,-125.0,125.0
,,0.0,,Leading Technology Micro Inc,649,100.0,leading technology micro inc,leading technology micro inc,100.0,100.0,100.0
,,0.0,,Spectra7 Microsystem Ltd.,1263,100.0,spectra7 microsystem ltd,spectra7 microsystem ltd,100.0,100.0,100.0
Strangeworks,2607,100.0,strangeworks,,,0.0,,strangeworks,100.0,-100.0,100.0
,,0.0,,HARTING Americas,4750,100.0,harting americas,harting americas,100.0,100.0,100.0
,,0.0,,Thermasol Technology,416,100.0,thermasol technology,thermasol technology,100.0,100.0,100.0
,,0.0,,HIPER Global US,4726,100.0,hiper global us,hiper global us,100.0,100.0,100.0
,,0.0,,"Ciphertex, LLC",4119,100.0,ciphertex llc,ciphertex llc,100.0,100.0,100.0
,,0.0,,Superna,4348,100.0,superna,superna,100.0,100.0,100.0
,,0.0,,National Black Data Processing Associates,700,100.0,national black data processing associates,national black data processing associates,100.0,100.0,100.0
,,0.0,,FOGNITIVE,1259,100.0,fognitive,fognitive,100.0,100.0,100.0
Mikros Technologies,1485,100.0,mikros technologies,Mikros Technologies,3825,200.0,mikros technologies,mikros technologies,200.0,100.0,100.0
NCI Pawsey Supercomputing Centre Australia,1824,100.0,pawsey,,,0.0,,pawsey,100.0,-100.0,100.0
ASA Computers,692,100.0,asa computers,,,0.0,,asa computers,100.0,-100.0,100.0
,,0.0,,General Dynamics Mission Systems,3726,100.0,general dynamics mission systems,general dynamics mission systems,100.0,100.0,100.0
,,0.0,,Komprise,414,100.0,komprise,komprise,100.0,100.0,100.0
Syncious,388,100.0,syncious,,,0.0,,syncious,100.0,-100.0,100.0
,,0.0,,"Schlegel Electronic Materials, Inc.",4601,100.0,schlegel electronic materials inc,schlegel electronic materials inc,100.0,100.0,100.0
,,0.0,,Legrand,417,100.0,legrand,legrand,100.0,100.0,100.0
,,0.0,,Unigen Corporation,764,100.0,unigen corporation,unigen corporation,100.0,100.0,100.0
,,0.0,,SWEP North America,4836,100.0,swep north america,swep north america,100.0,100.0,100.0
,,0.0,,US Valve Corporation,3951,100.0,us valve corporation,us valve corporation,100.0,100.0,100.0
The Siemon Company,270,100.0,the siemon company,,,0.0,,the siemon company,100.0,-100.0,100.0
,,0.0,,SPAL Automotive USA,4251,100.0,spal automotive usa,spal automotive usa,100.0,100.0,100.0
,,0.0,,Structuresource Ltd.,1261,100.0,structuresource ltd,structuresource ltd,100.0,100.0,100.0
,,0.0,,Tianqiao and Chrissy Chen Institute,1201,100.0,tianqiao and chrissy chen institute,tianqiao and chrissy chen institute,100.0,100.0,100.0
CMNO LTD,694,100.0,cmno ltd,,,0.0,,cmno ltd,100.0,-100.0,100.0
Reserved,914,100.0,reserved,,,0.0,,reserved,100.0,-100.0,100.0
"Allion Labs, Inc.",286,100.0,allion labs inc,,,0.0,,allion labs inc,100.0,-100.0,100.0
,,0.0,,Security Engineered Machinery,4253,100.0,security engineered machinery,security engineered machinery,100.0,100.0,100.0
,,0.0,,Kandou,4334,100.0,kandou,kandou,100.0,100.0,100.0
,,0.0,,LiquidStack,4748,100.0,liquidstack,liquidstack,100.0,100.0,100.0
,,0.0,,Siemon,726,100.0,siemon,siemon,100.0,100.0,100.0
Computing Research Association,3107,100.0,computing research association,,,0.0,,computing research association,100.0,-100.0,100.0
"Alliance Technology Group, LLC",1397,100.0,alliance technology group llc,,,0.0,,alliance technology group llc,100.0,-100.0,100.0
,,0.0,,GitLab,4651,100.0,gitlab,gitlab,100.0,100.0,100.0
,,0.0,,Toshiba Digital Solutions Corporation,4448,100.0,toshiba digital solutions corporation,toshiba digital solutions corporation,100.0,100.0,100.0
,,0.0,,LightSolver,448,100.0,lightsolver,lightsolver,100.0,100.0,100.0
,,0.0,,Maybell Quantum Industries,4350,100.0,maybell quantum industries,maybell quantum industries,100.0,100.0,100.0
,,0.0,,Keysight,4352,100.0,keysight,keysight,100.0,100.0,100.0
Kyoto University,1729,200.0,kyoto university,Kyoto University,734,100.0,kyoto university,kyoto university,200.0,-100.0,100.0
Beswick Engineering,1692,100.0,beswick engineering,,,0.0,,beswick engineering,100.0,-100.0,100.0
Preferred Networks Inc.,1936,100.0,preferred networks inc,Preferred Networks Inc.,905,200.0,preferred networks inc,preferred networks inc,200.0,100.0,100.0
,,0.0,,"Lintes Technology Co., Ltd.",446,100.0,lintes technology co ltd,lintes technology co ltd,100.0,100.0,100.0
,,0.0,,ParTec AG,744,100.0,partec ag,partec ag,100.0,100.0,100.0
,,0.0,,"Panmnesia, Inc.",3934,100.0,panmnesia inc,panmnesia inc,100.0,100.0,100.0
Advanced Clustering Technologies,1395,100.0,advanced clustering technologies,Advanced Clustering Technologies,4625,200.0,advanced clustering technologies,advanced clustering technologies,200.0,100.0,100.0
Advantech Corporation,2247,100.0,advantech corporation,Advantech Corporation,2409,200.0,advantech corporation,advantech corporation,200.0,100.0,100.0
,,0.0,,Frazier & Deeter,1501,100.0,frazier deeter,frazier deeter,100.0,100.0,100.0
,,0.0,,GMI Cloud,2002,100.0,gmi cloud,gmi cloud,100.0,100.0,100.0
DriveNets,1994,100.0,drivenets,DriveNets,4138,200.0,drivenets,drivenets,200.0,100.0,100.0
,,0.0,,Mansfield Technologies,662,100.0,mansfield technologies,mansfield technologies,100.0,100.0,100.0
Bulk Data Centers AS,1897,100.0,bulk data centers as,,,0.0,,bulk data centers as,100.0,-100.0,100.0
,,0.0,,"SEKISUI Chemical Co., LTD",2001,100.0,sekisui chemical co ltd,sekisui chemical co ltd,100.0,100.0,100.0
,,0.0,,SES AI,4346,100.0,ses ai,ses ai,100.0,100.0,100.0
,,0.0,,SINEWAVE INC,3744,100.0,sinewave inc,sinewave inc,100.0,100.0,100.0
Covalent,2249,100.0,covalent,,,0.0,,covalent,100.0,-100.0,100.0
,,0.0,,Mila,4740,100.0,mila,mila,100.0,100.0,100.0
,,0.0,,Mazda Computing,4739,100.0,mazda computing,mazda computing,100.0,100.0,100.0
,,0.0,,MagStor,4619,100.0,magstor,magstor,100.0,100.0,100.0
,,0.0,,SLIGER DESIGNS,2101,100.0,sliger designs,sliger designs,100.0,100.0,100.0
AMAX,1491,200.0,amax,AMAX,4714,100.0,amax,amax,200.0,-100.0,100.0
ENET Solutions,3001,100.0,enet solutions,ENET Solutions,430,200.0,enet solutions,enet solutions,200.0,100.0,100.0
,,0.0,,GRC,1845,100.0,grc,grc,100.0,100.0,100.0
,,0.0,,Mission Critical Group,4706,100.0,mission critical group,mission critical group,100.0,100.0,100.0
,,0.0,,MooseFS,4643,100.0,moosefs,moosefs,100.0,100.0,100.0
,,0.0,,Lutz Network & Power Group,558,100.0,lutz network power group,lutz network power group,100.0,100.0,100.0
,,0.0,,Kitware Inc.,4225,100.0,kitware inc,kitware inc,100.0,100.0,100.0
,,0.0,,PermAlert,643,100.0,permalert,permalert,100.0,100.0,100.0
"APCON, Inc.",2194,100.0,apcon inc,,,0.0,,apcon inc,100.0,-100.0,100.0
,,0.0,,MBA Energy & Industrial,765,100.0,mba energy industrial,mba energy industrial,100.0,100.0,100.0
,,0.0,,"Rubrik, Inc",3619,100.0,rubrik inc,rubrik inc,100.0,100.0,100.0
BIOS-IT,977,100.0,biosit,,,0.0,,biosit,100.0,-100.0,100.0
,,0.0,,Red Mountain Solutions Inc,4838,100.0,red mountain solutions inc,red mountain solutions inc,100.0,100.0,100.0
,,0.0,,"HIVE Digital Technologies, Ltd.",2003,100.0,hive digital technologies ltd,hive digital technologies ltd,100.0,100.0,100.0
,,0.0,,Red Hat,424,100.0,red hat,red hat,100.0,100.0,100.0
,,0.0,,Recochem/KOST USA,440,100.0,recochemkost usa,recochemkost usa,100.0,100.0,100.0
,,0.0,,High Performance Software Foundation,4648,100.0,high performance software foundation,high performance software foundation,100.0,100.0,100.0
,,0.0,,Rapt AI,1557,100.0,rapt ai,rapt ai,100.0,100.0,100.0
,,0.0,,"Radian Thermal Products, Inc.",4646,100.0,radian thermal products inc,radian thermal products inc,100.0,100.0,100.0
,,0.0,,Qubrid AI,4531,100.0,qubrid ai,qubrid ai,100.0,100.0,100.0
,,0.0,,Quantum Collaborative (Arizona State University),4349,100.0,quantum collaborative arizona state university,quantum collaborative arizona state university,100.0,100.0,100.0
,,0.0,,Infraeo Inc.,3647,100.0,infraeo inc,infraeo inc,100.0,100.0,100.0
,,0.0,,"ZKTel Co.,LTD",1043,100.0,zktel coltd,zktel coltd,100.0,100.0,100.0
"Beijing Top Intelligent Co., Ltd.",1795,100.0,beijing top intelligent co ltd,,,0.0,,beijing top intelligent co ltd,100.0,-100.0,100.0
,,0.0,,Quanta Technology,4457,100.0,quanta technology,quanta technology,100.0,100.0,100.0
,,0.0,,bladestack.io,4737,100.0,bladestackio,bladestackio,100.0,100.0,100.0
,,0.0,,Formerica,645,100.0,formerica,formerica,100.0,100.0,100.0
,,0.0,,Precision Hose & Expansion Joints,1502,100.0,precision hose expansion joints,precision hose expansion joints,100.0,100.0,100.0
,,0.0,,"JSM Technology, Inc.",4724,100.0,jsm technology inc,jsm technology inc,100.0,100.0,100.0
,,0.0,,PoINT Software & Systems GmbH,4734,100.0,point software systems gmbh,point software systems gmbh,100.0,100.0,100.0
,,0.0,,"Pliops America, Inc.",1559,100.0,pliops america inc,pliops america inc,100.0,100.0,100.0
,,0.0,,International Business Machines Corporation,4355,100.0,international business machines corporation,international business machines corporation,100.0,100.0,100.0
,,0.0,,Innosilicon Technology Inc.,4853,100.0,innosilicon technology inc,innosilicon technology inc,100.0,100.0,100.0
,,0.0,,Ryax Technologies,4549,100.0,ryax technologies,ryax technologies,100.0,100.0,100.0
,,0.0,,BlueAlly Technology Solutions,4653,100.0,blueally technology solutions,blueally technology solutions,100.0,100.0,100.0
,,0.0,,Baxtel,1200,100.0,baxtel,baxtel,100.0,100.0,100.0
PMC Technologies Inc,2506,100.0,pmc technologies inc,,,0.0,,pmc technologies inc,100.0,-100.0,100.0
,,0.0,,CLYSO,4509,100.0,clyso,clyso,100.0,100.0,100.0
,,0.0,,Broadwing,4649,100.0,broadwing,broadwing,100.0,100.0,100.0
NCSA,417,900.0,ncsa,NCSA,1021,800.0,ncsa,ncsa,900.0,-100.0,100.0
,,0.0,,Covalent by Agnostiq,3950,100.0,covalent by agnostiq,covalent by agnostiq,100.0,100.0,100.0
Data Center Solutions,2503,100.0,data center solutions,,,0.0,,data center solutions,100.0,-100.0,100.0
Intelligent Light,1715,100.0,intelligent light,,,0.0,,intelligent light,100.0,-100.0,100.0
"JMc Global TechnologiesI, L.P.",970,100.0,jmc global technologiesi lp,,,0.0,,jmc global technologiesi lp,100.0,-100.0,100.0
SDSC,1319,800.0,sdsc,SDSC,3107,900.0,sdsc,sdsc,900.0,100.0,100.0
OpenPOWER Foundation,1835,100.0,openpower foundation,,,0.0,,openpower foundation,100.0,-100.0,100.0
SmartSoC Solutions Inc,2213,100.0,smartsoc solutions inc,,,0.0,,smartsoc solutions inc,100.0,-100.0,100.0
Orthogone,1584,100.0,orthogone,,,0.0,,orthogone,100.0,-100.0,100.0
Panmnesia,2253,100.0,panmnesia,,,0.0,,panmnesia,100.0,-100.0,100.0
,,0.0,,ANEO,4553,100.0,aneo,aneo,100.0,100.0,100.0
Scientific Computing World,290,100.0,scientific computing world,,,0.0,,scientific computing world,100.0,-100.0,100.0
Center for Translational Data Science - Open Commons Consortium,525,800.0,center for translational data science open commons consortium,Center for Translational Data Science - Open Commons Consortium,3131,900.0,center for translational data science open commons consortium,center for translational data science open commons consortium,900.0,100.0,100.0
Sanyo Denki,1495,100.0,sanyo denki,,,0.0,,sanyo denki,100.0,-100.0,100.0
COMPAL,480,300.0,compal,COMPAL,3941,400.0,compal,compal,400.0,100.0,100.0
Perifery,1596,100.0,perifery,,,0.0,,perifery,100.0,-100.0,100.0
Picotest,1396,100.0,picotest,,,0.0,,picotest,100.0,-100.0,100.0
HOLMANS USA CORPORATION,1484,100.0,holmans usa corporation,,,0.0,,holmans usa corporation,100.0,-100.0,100.0
Gospower,1895,100.0,gospower,,,0.0,,gospower,100.0,-100.0,100.0
Gateworks Corporation,1595,100.0,gateworks corporation,,,0.0,,gateworks corporation,100.0,-100.0,100.0
Slurm,463,900.0,slurm,Slurm,2809,1000.0,slurm,slurm,1000.0,100.0,100.0
,,0.0,,ANEN POWER,419,100.0,anen power,anen power,100.0,100.0,100.0
Enterprise Data Group,288,100.0,enterprise data group,,,0.0,,enterprise data group,100.0,-100.0,100.0
,,0.0,,CTG Federal / DMSI,4848,100.0,ctg federal dmsi,ctg federal dmsi,100.0,100.0,100.0
,,0.0,,CantorAI,4722,100.0,cantorai,cantorai,100.0,100.0,100.0
,,0.0,,CentralAxis,1400,100.0,centralaxis,centralaxis,100.0,100.0,100.0
,,0.0,,Brane Technologies,1500,100.0,brane technologies,brane technologies,100.0,100.0,100.0
"DeepSpace Storage Systems, Inc.",3206,100.0,deepspace storage systems inc,,,0.0,,deepspace storage systems inc,100.0,-100.0,100.0
Dihuni,1892,100.0,dihuni,,,0.0,,dihuni,100.0,-100.0,100.0
,,0.0,,DryCoolers,557,100.0,drycoolers,drycoolers,100.0,100.0,100.0
,,0.0,,Drut Technologies Inc.,426,100.0,drut technologies inc,drut technologies inc,100.0,100.0,100.0
Xelera Technologies,897,100.0,xelera technologies,,,0.0,,xelera technologies,100.0,-100.0,100.0
,,0.0,,Denvr Dataworks,4855,100.0,denvr dataworks,denvr dataworks,100.0,100.0,100.0
,,0.0,,DataCore,613,100.0,datacore,datacore,100.0,100.0,100.0
Ignitarium,3208,100.0,ignitarium,,,0.0,,ignitarium,100.0,-100.0,100.0
,,0.0,,Data Canopy,4857,100.0,data canopy,data canopy,100.0,100.0,100.0
,,0.0,,Darkstar Hypercore,647,100.0,darkstar hypercore,darkstar hypercore,100.0,100.0,100.0
,,0.0,,DapuStor Corporation,4622,100.0,dapustor corporation,dapustor corporation,100.0,100.0,100.0
California Institute of Technology /CACR,1255,600.0,california institute of technology cacr,California Institute of Technology /CACR,845,500.0,california institute of technology cacr,california institute of technology cacr,600.0,-100.0,100.0
,,0.0,,DRC Heat Transfer,4746,100.0,drc heat transfer,drc heat transfer,100.0,100.0,100.0
Wolley Inc,2196,100.0,wolley inc,,,0.0,,wolley inc,100.0,-100.0,100.0
HQS QuantumSimulations GmbH,975,100.0,hqs quantumsimulations gmbh,,,0.0,,hqs quantumsimulations gmbh,100.0,-100.0,100.0
HPC SYSTEMS Inc.,1593,100.0,hpc systems inc,,,0.0,,hpc systems inc,100.0,-100.0,100.0
,,0.0,,Cudo Ventures Limited,4732,100.0,cudo ventures limited,cudo ventures limited,100.0,100.0,100.0
,,0.0,,Computer Network Information Center of Chinese Academy of Sciences,4507,100.0,computer network information center of chinese academy of sciences,computer network information center of chinese academy of sciences,100.0,100.0,100.0
,,0.0,,Chemours,748,100.0,chemours,chemours,100.0,100.0,100.0
,,0.0,,Chelsio Communications,4347,100.0,chelsio communications,chelsio communications,100.0,100.0,100.0
,,0.0,,Checkmk Inc.,4738,100.0,checkmk inc,checkmk inc,100.0,100.0,100.0
University of Southern California,1943,400.0,university of southern california,University of Southern California/California Institute of Technology,839,500.0,university of southern california,university of southern california,500.0,100.0,100.0
SQream,2501,100.0,sqream,,,0.0,,sqream,100.0,-100.0,100.0
,,0.0,,Swissbit AG,617,100.0,swissbit ag,swissbit ag,100.0,100.0,100.0
,,0.0,,AQT,4344,100.0,aqt,aqt,100.0,100.0,100.0
,,0.0,,Bolt Graphics,4850,100.0,bolt graphics,bolt graphics,100.0,100.0,100.0
Micas Networks,2504,100.0,micas networks,,,0.0,,micas networks,100.0,-100.0,100.0
QuiX Quantum,2507,100.0,quix quantum,,,0.0,,quix quantum,100.0,-100.0,100.0
Storj,1694,100.0,storj,,,0.0,,storj,100.0,-100.0,100.0
,,0.0,,The Networking and Information Technology Research and Development (NITRD) Program,4606,100.0,the networking and information technology research and development nitrd program,the networking and information technology research and development nitrd program,100.0,100.0,100.0
,,0.0,,American Digital Corporation & EZ Blockchain,418,100.0,american digital corporation ez blockchain,american digital corporation ez blockchain,100.0,100.0,100.0
JWS Technology,1591,100.0,jws technology,,,0.0,,jws technology,100.0,-100.0,100.0
,,0.0,,Axelera AI,4623,100.0,axelera ai,axelera ai,100.0,100.0,100.0
,,0.0,,Axiado,2100,100.0,axiado,axiado,100.0,100.0,100.0
Q.ANT GmbH,2701,100.0,qant gmbh,,,0.0,,qant gmbh,100.0,-100.0,100.0
,,0.0,,Alloy Enterprises,625,100.0,alloy enterprises,alloy enterprises,100.0,100.0,100.0
Tuxera,1832,200.0,tuxera,Tuxera,4647,100.0,tuxera,tuxera,200.0,-100.0,100.0
,,0.0,,Alice & Bob,4446,100.0,alice bob,alice bob,100.0,100.0,100.0
Kitware,511,100.0,kitware,,,0.0,,kitware,100.0,-100.0,100.0
MIT Press,2245,100.0,mit press,,,0.0,,mit press,100.0,-100.0,100.0
"Tongyu Electronics Co., Ltd",1391,100.0,tongyu electronics co ltd,"Tongyu Electronics Co., Ltd",4609,200.0,tongyu electronics co ltd,tongyu electronics co ltd,200.0,100.0,100.0
Bacula Systems Corp,1585,200.0,bacula systems corp,Bacula Systems Corp,4631,300.0,bacula systems corp,bacula systems corp,300.0,100.0,100.0
,,0.0,,Accton Technology,2103,100.0,accton technology,accton technology,100.0,100.0,100.0
,,0.0,,ATTO Technology,4345,100.0,atto technology,atto technology,100.0,100.0,100.0
"QStar Technologies, Inc",1996,100.0,qstar technologies inc,,,0.0,,qstar technologies inc,100.0,-100.0,100.0
Nexsan,385,100.0,nexsan,,,0.0,,nexsan,100.0,-100.0,100.0
Ayar Labs,499,225.0,ayar labs,Ayar Labs,810,200.0,ayar labs,ayar labs,225.0,-25.0,25.0
Kalray,598,225.0,kalray,Kalray,3947,200.0,kalray,kalray,225.0,-25.0,25.0
SIPEARL,299,225.0,sipearl,SIPEARL,4245,200.0,sipearl,sipearl,225.0,-25.0,25.0
NTNU,1759,100.0,ntnu,NTNU,817,100.0,ntnu,ntnu,100.0,0.0,0.0
The Institute of Statistical Mathematics (ISM),670,100.0,the institute of statistical mathematics ism,The Institute of Statistical Mathematics (ISM),3922,100.0,the institute of statistical mathematics ism,the institute of statistical mathematics ism,100.0,0.0,0.0
Exostellar,232,100.0,exostellar,Exostellar,2000,100.0,exostellar,exostellar,100.0,0.0,0.0
Inventec Performance Chemicals,1797,100.0,inventec performance chemicals,Inventec Performance Chemicals,641,100.0,inventec performance chemicals,inventec performance chemicals,100.0,0.0,0.0
TotalView by Perforce,268,100.0,totalview by perforce,TotalView by Perforce,3623,100.0,totalview by perforce,totalview by perforce,100.0,0.0,0.0
Malico Inc.,2251,100.0,malico inc,Malico Inc,410,100.0,malico inc,malico inc,100.0,0.0,0.0
NEXGEN ANALYTICS,1684,100.0,nexgen analytics,NEXGEN ANALYTICS,3716,100.0,nexgen analytics,nexgen analytics,100.0,0.0,0.0
United States Research Software Engineer Association,248,100.0,united states research software engineer association,United States Research Software Engineer Association,4505,100.0,united states research software engineer association,united states research software engineer association,100.0,0.0,0.0
UCit,2806,100.0,ucit,UCit,4551,100.0,ucit,ucit,100.0,0.0,0.0
X-ISS,1838,100.0,xiss,X-ISS,1944,100.0,xiss,xiss,100.0,0.0,0.0
Dynatron Corporation,1938,100.0,dynatron corporation,Dynatron Corporation,412,100.0,dynatron corporation,dynatron corporation,100.0,0.0,0.0
Hokkaido University,1858,100.0,hokkaido university,Hokkaido University,4227,100.0,hokkaido university,hokkaido university,100.0,0.0,0.0
T1Nexus,3209,100.0,t1nexus,T1Nexus,4046,100.0,t1nexus,t1nexus,100.0,0.0,0.0
Xinnor,389,100.0,xinnor,Xinnor,4603,100.0,xinnor,xinnor,100.0,0.0,0.0
TuxCare,1990,100.0,tuxcare,TuxCare,3835,100.0,tuxcare,tuxcare,100.0,0.0,0.0
EBARA Pumps Americas Corporation,1589,100.0,ebara pumps americas corporation,EBARA Pumps Americas Corporation,3851,100.0,ebara pumps americas corporation,ebara pumps americas corporation,100.0,0.0,0.0
Moreh,792,100.0,moreh,Moreh,1041,100.0,moreh,moreh,100.0,0.0,0.0
Tachyum Inc.,2205,100.0,tachyum inc,Tachyum Inc.,3049,100.0,tachyum inc,tachyum inc,100.0,0.0,0.0
Tactical Computing Laboratories,234,100.0,tactical computing laboratories,Tactical Computing Laboratories,3714,100.0,tactical computing laboratories,tactical computing laboratories,100.0,0.0,0.0
Tatsuta Electric Wire&Cable Co.Ltd.,2233,100.0,tatsuta electric wirecable coltd,Tatsuta Electric Wire&Cable Co.Ltd.,3148,100.0,tatsuta electric wirecable coltd,tatsuta electric wirecable coltd,100.0,0.0,0.0
The George Washington University,1735,100.0,the george washington university,The George Washington University,3823,100.0,the george washington university,the george washington university,100.0,0.0,0.0
Kansai University,2059,100.0,kansai university,Kansai University,4523,100.0,kansai university,kansai university,100.0,0.0,0.0
Energy Efficient HPC Working Group,1389,100.0,energy efficient hpc working group,Energy Efficient HPC Working Group,3948,100.0,energy efficient hpc working group,energy efficient hpc working group,100.0,0.0,0.0
"Bergen Language Design Laboratory, University of Bergen",873,100.0,bergen language design laboratory university of bergen,"Bergen Language Design Laboratory, University of Bergen",815,100.0,bergen language design laboratory university of bergen,bergen language design laboratory university of bergen,100.0,0.0,0.0
"BioTeam, Inc.",1787,100.0,bioteam inc,"BioTeam, Inc.",3946,100.0,bioteam inc,bioteam inc,100.0,0.0,0.0
"BizLink Technology, Inc.",272,100.0,bizlink technology inc,"BizLink Technology, Inc.",438,100.0,bizlink technology inc,bizlink technology inc,100.0,0.0,0.0
Berkeley Communications,1490,100.0,berkeley communications,Berkeley Communications,4704,100.0,berkeley communications,berkeley communications,100.0,0.0,0.0
Fortinet Federal,994,100.0,fortinet federal,Fortinet Federal,627,100.0,fortinet federal,fortinet federal,100.0,0.0,0.0
Together AI,3109,100.0,together ai,Together AI,661,100.0,together ai,together ai,100.0,0.0,0.0
imec,1696,100.0,imec,imec,4604,100.0,imec,imec,100.0,0.0,0.0
QuEra Computing Inc.,2706,100.0,quera computing inc,QuEra Computing Inc.,4547,100.0,quera computing inc,quera computing inc,100.0,0.0,0.0
Penn State Institute for Computational and Data Sciences,1488,100.0,penn state institute for computational and data sciences,Penn State Institute for Computational and Data Sciences,1012,100.0,penn state institute for computational and data sciences,penn state institute for computational and data sciences,100.0,0.0,0.0
San Diego State University,212,100.0,san diego state university,San Diego State University,3942,100.0,san diego state university,san diego state university,100.0,0.0,0.0
SIAM - Society for Industrial and Applied Mathematics,1833,100.0,siam society for industrial and applied mathematics,SIAM - Society for Industrial and Applied Mathematics,3918,100.0,siam society for industrial and applied mathematics,siam society for industrial and applied mathematics,100.0,0.0,0.0
SciTools,1870,100.0,scitools,SciTools,917,100.0,scitools,scitools,100.0,0.0,0.0
iStarUSA Group Inc,1497,100.0,istarusa group inc,iStarUSA Group Inc,3843,100.0,istarusa group inc,istarusa group inc,100.0,0.0,0.0
"Qumulo, Inc.",1690,100.0,qumulo inc,"Qumulo, Inc.",615,100.0,qumulo inc,qumulo inc,100.0,0.0,0.0
StarNet Communications,2235,100.0,starnet communications,StarNet Communications,3617,100.0,starnet communications,starnet communications,100.0,0.0,0.0
"BRUNS-PAK WORLDWIDE, INC.",1492,100.0,brunspak worldwide inc,"BRUNS-PAK WORLDWIDE, INC.",4730,100.0,brunspak worldwide inc,brunspak worldwide inc,100.0,0.0,0.0
OPTOMIND,992,100.0,optomind,OPTOMIND,4742,100.0,optomind,optomind,100.0,0.0,0.0
"FIBERSTAMP TECHNOLOGY CO.,LTD",1486,100.0,fiberstamp technology coltd,"FIBERSTAMP TECHNOLOGY CO.,LTD",623,100.0,fiberstamp technology coltd,fiberstamp technology coltd,100.0,0.0,0.0
OpenHPC,871,100.0,openhpc,OpenHPC,3708,100.0,openhpc,openhpc,100.0,0.0,0.0
Open Compute Project Foundation,895,100.0,open compute project foundation,Open Compute Project Foundation,2407,100.0,open compute project foundation,open compute project foundation,100.0,0.0,0.0
Omni Services,2207,100.0,omni services,Omni Services,712,100.0,omni services,omni services,100.0,0.0,0.0
EuroHPC Joint Undertaking,204,100.0,eurohpc joint undertaking,EuroHPC Joint Undertaking,4249,100.0,eurohpc joint undertaking,eurohpc joint undertaking,100.0,0.0,0.0
LDA Technologies,1733,100.0,lda technologies,LDA Technologies,2506,100.0,lda technologies,lda technologies,100.0,0.0,0.0
LR-LINK,488,100.0,lrlink,LR-LINK,3819,100.0,lrlink,lrlink,100.0,0.0,0.0
ProDesign Electronic GmbH,266,100.0,prodesign electronic gmbh,ProDesign Electronic GmbH,4231,100.0,prodesign electronic gmbh,prodesign electronic gmbh,100.0,0.0,0.0
University of Delaware,1494,200.0,university of delaware,University of Delaware,711,200.0,university of delaware,university of delaware,200.0,0.0,0.0
Adaptive Computing,938,100.0,adaptive computing,Adaptive Computing,4211,100.0,adaptive computing,adaptive computing,100.0,0.0,0.0
NICT,781,600.0,nict,NICT,3155,600.0,nict,nict,600.0,0.0,0.0
Kyushu University,237,400.0,kyushu university,Kyushu University,3603,400.0,kyushu university,kyushu university,400.0,0.0,0.0
JetCool Technologies,1781,400.0,jetcool technologies,JetCool Technologies,2651,400.0,jetcool technologies,jetcool technologies,400.0,0.0,0.0
Thermal Control Technology,907,400.0,thermal control technology,Thermal Control Technology,3707,400.0,thermal control technology,thermal control technology,400.0,0.0,0.0
Tohoku University,2025,400.0,tohoku university,Tohoku University,4149,400.0,tohoku university,tohoku university,400.0,0.0,0.0
Tokyo Institute of Technology,581,400.0,institute of science tokyo,Institute of Science Tokyo,4109,400.0,institute of science tokyo,institute of science tokyo,400.0,0.0,0.0
SCinet Help Desk,987,400.0,scinet help desk,SCinet Help Desk,2055,400.0,scinet help desk,scinet help desk,400.0,0.0,0.0
KEK,1843,400.0,kek,KEK,3449,400.0,kek,kek,400.0,0.0,0.0
Texas A&M University,3201,600.0,texas am,Texas A&M University/ High Performance Research Computing,3801,600.0,texas am,texas am,600.0,0.0,0.0
MathWorks,1231,400.0,mathworks,MathWorks,3413,400.0,mathworks,mathworks,400.0,0.0,0.0
Cornelis Networks,281,600.0,cornelis networks,Cornelis Networks,1003,600.0,cornelis networks,cornelis networks,600.0,0.0,0.0
RENCI,1663,600.0,renci,RENCI,3923,600.0,renci,renci,600.0,0.0,0.0
Run:ai,363,600.0,runai,"Run:ai Labs USA, Inc.",1143,600.0,runai,runai,600.0,0.0,0.0
Rutgers Office of Advanced Research Computing (OARC),1863,600.0,rutgers office of advanced research computing oarc,Rutgers Office of Advanced Research Computing (OARC),4431,600.0,rutgers office of advanced research computing oarc,rutgers office of advanced research computing oarc,600.0,0.0,0.0
SK hynix,2101,600.0,sk hynix,SK hynix,703,600.0,sk hynix,sk hynix,600.0,0.0,0.0
Advanced Micro Devices (AMD),1117,600.0,advanced micro devices amd,Advanced Micro Devices (AMD),2731,600.0,advanced micro devices amd,advanced micro devices amd,600.0,0.0,0.0
Pittsburgh Supercomputing Center,1203,600.0,pittsburgh supercomputing center,Pittsburgh Supercomputing Center,4023,600.0,pittsburgh supercomputing center,pittsburgh supercomputing center,600.0,0.0,0.0
NSF- ACCESS,219,400.0,nsf access,NSF- ACCESS,739,400.0,nsf access,nsf access,400.0,0.0,0.0
Staubli,1719,400.0,staubli,Staubli,2939,400.0,staubli,staubli,400.0,0.0,0.0
Affiliated Engineers Inc.,3301,100.0,affiliated engineers inc,Affiliated Engineers Inc.,3752,100.0,affiliated engineers inc,affiliated engineers inc,100.0,0.0,0.0
JAMSTEC,201,400.0,jamstec,JAMSTEC,3809,400.0,jamstec,jamstec,400.0,0.0,0.0
CoolIT Systems,807,400.0,coolit systems,CoolIT Systems,2839,400.0,coolit systems,coolit systems,400.0,0.0,0.0
Cerebras Systems,2043,400.0,cerebras systems,Cerebras Systems,2703,400.0,cerebras systems,cerebras systems,400.0,0.0,0.0
Celestica,575,400.0,celestica,Celestica,1113,400.0,celestica,celestica,400.0,0.0,0.0
CMC - Osaka University,857,400.0,cmc osaka university,CMC - Osaka University,4049,400.0,cmc osaka university,cmc osaka university,400.0,0.0,0.0
CINECA,2049,400.0,cineca,CINECA,3440,400.0,cineca,cineca,400.0,0.0,0.0
CEA,2807,400.0,cea,CEA,4143,400.0,cea,cea,400.0,0.0,0.0
"CCS/JCAHPC, University of Tsukuba",1133,400.0,ccsjcahpc university of tsukuba,"CCS/JCAHPC, University of Tsukuba",4421,400.0,ccsjcahpc university of tsukuba,ccsjcahpc university of tsukuba,400.0,0.0,0.0
Japan Aerospace Exploration Agency (JAXA),1263,400.0,japan aerospace exploration agency jaxa,Japan Aerospace Exploration Agency (JAXA),4309,400.0,japan aerospace exploration agency jaxa,japan aerospace exploration agency jaxa,400.0,0.0,0.0
Spectra Logic,1237,400.0,spectra logic,Spectra Logic,1119,400.0,spectra logic,spectra logic,400.0,0.0,0.0
Samtec,319,400.0,samtec,Samtec,1125,400.0,samtec,samtec,400.0,0.0,0.0
University of New Mexico - CARC,1511,400.0,university of new mexico carc,University of New Mexico - CARC,4215,400.0,university of new mexico carc,university of new mexico carc,400.0,0.0,0.0
Sunshine State Education And Research Computing Alliance,675,400.0,sserca,SSERCA,4009,400.0,sserca,sserca,400.0,0.0,0.0
Lablup Inc,689,400.0,lablup inc,Lablup Inc.,1051,400.0,lablup inc,lablup inc,400.0,0.0,0.0
OpenMP ARB,307,400.0,openmp arb,OpenMP ARB,3015,400.0,openmp arb,openmp arb,400.0,0.0,0.0
NeuReality Ltd,325,400.0,neureality ltd,NeuReality Ltd,411,400.0,neureality ltd,neureality ltd,400.0,0.0,0.0
Liqid,1219,400.0,liqid,Liqid,1943,400.0,liqid,liqid,400.0,0.0,0.0
Science and Technology Facilities Council,1935,600.0,science and technology facilities council,Science and Technology Facilities Council,4331,600.0,science and technology facilities council,science and technology facilities council,600.0,0.0,0.0
PSNC & PIONIER - Polish Optical Internet,1809,600.0,psncpionier polish optical internet,PSNC/PIONIER - Polish Optical Internet,1149,600.0,psncpionier polish optical internet,psncpionier polish optical internet,600.0,0.0,0.0
Starfish Storage,1817,600.0,starfish storage,Starfish Storage,2123,600.0,starfish storage,starfish storage,600.0,0.0,0.0
NextSilicon,863,1500.0,nextsilicon,NextSilicon,1419,1500.0,nextsilicon,nextsilicon,1500.0,0.0,0.0
National Center for High-Performance Computing,1535,900.0,national center for highperformance computing,National Center for High-Performance Computing,1541,900.0,national center for highperformance computing,national center for highperformance computing,900.0,0.0,0.0
Leibniz Supercomputing Centre,1311,900.0,leibniz supercomputing centre,Leibniz Supercomputing Centre,3147,900.0,leibniz supercomputing centre,leibniz supercomputing centre,900.0,0.0,0.0
Juelich Supercomputing Centre,401,900.0,juelich supercomputing centre,Juelich Supercomputing Centre,1443,900.0,juelich supercomputing centre,juelich supercomputing centre,900.0,0.0,0.0
Purdue University,1525,1200.0,purdue university,Purdue University,3348,1200.0,purdue university,purdue university,1200.0,0.0,0.0
RIKEN,1611,1200.0,riken,RIKEN,3330,1200.0,riken,riken,1200.0,0.0,0.0
KAYTUS SINGAPORE PTE. LTD.,471,1200.0,kaytus,KAYTUS SYSTEMS PTE. LTD.,3322,1200.0,kaytus,kaytus,1200.0,0.0,0.0
Indiana University,609,1500.0,indiana university,Indiana University,1401,1500.0,indiana university,indiana university,1500.0,0.0,0.0
"Eviden, an Atos business",655,1500.0,eviden,Eviden,2513,1500.0,eviden,eviden,1500.0,0.0,0.0
Altair,825,600.0,altair,Altair,2131,600.0,altair,altair,600.0,0.0,0.0
National Aeronautics and Space Administration (NASA),425,1500.0,national aeronautics and space administration nasa,National Aeronautics and Space Administration (NASA),2823,1500.0,national aeronautics and space administration nasa,national aeronautics and space administration nasa,1500.0,0.0,0.0
Lenovo,601,1500.0,lenovo,Lenovo,2201,1500.0,lenovo,lenovo,1500.0,0.0,0.0
Texas Advanced Computing Center,1363,1600.0,texas advanced computing center,Texas Advanced Computing Center,1203,1600.0,texas advanced computing center,texas advanced computing center,1600.0,0.0,0.0
Hewlett Packard Enterprise,913,2500.0,hewlett packard enterprise,Hewlett Packard Enterprise,2219,2500.0,hewlett packard enterprise,hewlett packard enterprise,2500.0,0.0,0.0
Department of Energy,243,2500.0,department of energy,Department of Energy,3401,2500.0,department of energy,department of energy,2500.0,0.0,0.0
Microsoft,925,2500.0,microsoft,Microsoft,1905,2500.0,microsoft,microsoft,2500.0,0.0,0.0
Weka,643,2500.0,weka,Weka,1931,2500.0,weka,weka,2500.0,0.0,0.0
Fraunhofer ITWM,1563,900.0,fraunhofer itwm,Fraunhofer ITWM,3115,900.0,fraunhofer itwm,fraunhofer itwm,900.0,0.0,0.0
Virginia Tech,455,900.0,virginia tech,Virginia Tech,3139,900.0,virginia tech,virginia tech,900.0,0.0,0.0
Arizona Research Computing,1671,800.0,arizona research computing,Arizona Research Computing,4315,800.0,arizona research computing,arizona research computing,800.0,0.0,0.0
King Abdullah University of Science & Technology,1625,800.0,king abdullah university of science technology,King Abdullah University of Science & Technology,1031,800.0,king abdullah university of science technology,king abdullah university of science technology,800.0,0.0,0.0
University of Utah,543,600.0,university of utah,University of Utah,941,600.0,university of utah,university of utah,600.0,0.0,0.0
Groq,1681,600.0,groq,Groq,1949,600.0,groq,groq,600.0,0.0,0.0
Fujitsu Limited,1125,600.0,fujitsu limited,Fujitsu Limited,3031,600.0,fujitsu limited,fujitsu limited,600.0,0.0,0.0
Internet2,1069,600.0,internet2,Internet2,2441,600.0,internet2,internet2,600.0,0.0,0.0
Flash Session,2195,600.0,flash session,Flash Session,4155,600.0,flash session,flash session,600.0,0.0,0.0
UCL,2143,600.0,ucl,UCL,4031,600.0,ucl,ucl,600.0,0.0,0.0
croit GmbH,2117,600.0,croit,croit,923,600.0,croit,croit,600.0,0.0,0.0
"ZIH, TU Dresden",1553,600.0,tu dresden,CIDS @ TU Dresden,3931,600.0,tu dresden,tu dresden,600.0,0.0,0.0
University of Maryland,1211,600.0,university of maryland,University of Maryland,4015,600.0,university of maryland,university of maryland,600.0,0.0,0.0
Globus,1653,600.0,globus,Globus,3723,600.0,globus,globus,600.0,0.0,0.0
Motivair,1909,600.0,motivair,Motivair,3023,600.0,motivair,motivair,600.0,0.0,0.0
Tyan Computer Corporation,1917,600.0,mitac,MiTAC Computing Technology Corporation,2543,600.0,mitac,mitac,600.0,0.0,0.0
CXL Consortium,1301,800.0,cxl consortium,CXL Consortium,1807,800.0,cxl consortium,cxl consortium,800.0,0.0,0.0
Ohio Supercomputer Center & Open OnDemand,503,800.0,ohio supercomputer center open ondemand,Ohio Supercomputer Center & Open OnDemand,1213,800.0,ohio supercomputer center open ondemand,ohio supercomputer center open ondemand,800.0,0.0,0.0
MGHPCC,263,800.0,mghpcc,MGHPCC,3905,800.0,mghpcc,mghpcc,800.0,0.0,0.0
BittWare,1249,400.0,bittware,BittWare,2709,400.0,bittware,bittware,400.0,0.0,0.0
AIST,801,400.0,aist,AIST,3701,400.0,aist,aist,400.0,0.0,0.0
Ace Computers,819,400.0,ace computers,Ace Computers,1614,400.0,ace computers,ace computers,400.0,0.0,0.0
CSCS / ETH Zurich,236,200.0,cscs eth zurich,CSCS / ETH Zurich,740,200.0,cscs eth zurich,cscs eth zurich,200.0,0.0,0.0
Passport to Prizes,2199,200.0,passport to prizes,Passport to Prizes,4749,200.0,passport to prizes,passport to prizes,200.0,0.0,0.0
CoreHive Computing,2237,200.0,corehive computing,CoreHive Computing,3051,200.0,corehive computing,corehive computing,200.0,0.0,0.0
Quantum Corporation,833,200.0,quantum corporation,Quantum Corporation,2415,200.0,quantum corporation,quantum corporation,200.0,0.0,0.0
Naval Research Laboratory,1385,200.0,naval research laboratory,Naval Research Laboratory,2257,200.0,naval research laboratory,naval research laboratory,200.0,0.0,0.0
Graid Technology Inc.,2201,200.0,graid technology inc,Graid Technology Inc.,910,200.0,graid technology inc,graid technology inc,200.0,0.0,0.0
Krell Institute,551,200.0,krell institute,Krell Institute,3815,200.0,krell institute,krell institute,200.0,0.0,0.0
Chenbro Micom USA Inc.,2013,200.0,chenbro micom usa inc,Chenbro Micom USA Inc.,3637,200.0,chenbro micom usa inc,chenbro micom usa inc,200.0,0.0,0.0
JAIST,875,200.0,jaist,JAIST,3748,200.0,jaist,jaist,200.0,0.0,0.0
CIENA,886,200.0,ciena,CIENA,1940,200.0,ciena,ciena,200.0,0.0,0.0
Irish Centre for High-End Computing,1875,200.0,irish centre for highend computing,Irish Centre for High-End Computing,3847,200.0,irish centre for highend computing,irish centre for highend computing,200.0,0.0,0.0
IonQ,2800,200.0,ionq,IonQ,4440,200.0,ionq,ionq,200.0,0.0,0.0
"Institute of Industrial Science, The University of Tokyo",1814,200.0,institute of industrial science the university of tokyo,"Institute of Industrial Science, The University of Tokyo",3613,200.0,institute of industrial science the university of tokyo,institute of industrial science the university of tokyo,200.0,0.0,0.0
InfiniteTactics,1886,200.0,infinitetactics,InfiniteTactics,4716,200.0,infinitetactics,infinitetactics,200.0,0.0,0.0
GRI Pumps,1381,200.0,gri pumps,GRI Pumps,3140,200.0,gri pumps,gri pumps,200.0,0.0,0.0
IT4Innovations National Supercomputing Center,218,200.0,it4innovations national supercomputing center,IT4Innovations National Supercomputing Center,4233,200.0,it4innovations national supercomputing center,it4innovations national supercomputing center,200.0,0.0,0.0
CEJN North America,1837,200.0,cejn north america,CEJN North America,3831,200.0,cejn north america,cejn north america,200.0,0.0,0.0
Cornell University Center for Advanced Computing,837,200.0,cornell university center for advanced computing,Cornell University Center for Advanced Computing,913,200.0,cornell university center for advanced computing,cornell university center for advanced computing,200.0,0.0,0.0
Parker Hannifin,1481,200.0,parker hannifin,Parker Hannifin,1841,200.0,parker hannifin,parker hannifin,200.0,0.0,0.0
DoD HPCMP,932,200.0,dod hpcmp,DoD HPCMP,722,200.0,dod hpcmp,dod hpcmp,200.0,0.0,0.0
Pacific Wave,1480,200.0,pacific wave,Pacific Wave,811,200.0,pacific wave,pacific wave,200.0,0.0,0.0
Almalinux,2158,100.0,almalinux,Almalinux,3712,100.0,almalinux,almalinux,100.0,0.0,0.0
"Apacer Memory America, Inc.",794,100.0,apacer memory america inc,"Apacer Memory America, Inc.",4655,100.0,apacer memory america inc,apacer memory america inc,100.0,0.0,0.0
Avicena Tech Corp.,1791,100.0,avicena tech corp,Avicena Tech Corp.,4634,100.0,avicena tech corp,avicena tech corp,100.0,0.0,0.0
"Classiq Technologies, Inc.",2703,100.0,classiq technologies inc,"Classiq Technologies, Inc.",4556,100.0,classiq technologies inc,classiq technologies inc,100.0,0.0,0.0
Cloudian,246,100.0,cloudian,Cloudian,3710,100.0,cloudian,cloudian,100.0,0.0,0.0
Computer Recovery Associates,1393,100.0,computer recovery associates,Computer Recovery Associates,3718,100.0,computer recovery associates,computer recovery associates,100.0,0.0,0.0
"CoCalc by SageMath, Inc.",1894,100.0,cocalc by sagemath inc,"CoCalc by SageMath, Inc.",4218,100.0,cocalc by sagemath inc,cocalc by sagemath inc,100.0,0.0,0.0
Coalition for Academic Scientific Computation (CASC),3003,100.0,coalition for academic scientific computation casc,Coalition for Academic Scientific Computation (CASC),4511,100.0,coalition for academic scientific computation casc,coalition for academic scientific computation casc,100.0,0.0,0.0
Queen's University,2500,200.0,queens university,Queen's University,1045,200.0,queens university,queens university,200.0,0.0,0.0
Omnibond,1242,200.0,omnibond,Omnibond,2403,200.0,omnibond,omnibond,200.0,0.0,0.0
Quobyte,2219,200.0,quobyte,Quobyte,714,200.0,quobyte,quobyte,200.0,0.0,0.0
Alces Flight,224,200.0,alces flight,Alces Flight,1004,200.0,alces flight,alces flight,200.0,0.0,0.0
ATEMPO,1974,200.0,atempo,ATEMPO,914,200.0,atempo,atempo,200.0,0.0,0.0
ASRock Rack Inc.,1737,200.0,asrock rack inc,ASRock Rack Inc.,3609,200.0,asrock rack inc,asrock rack inc,200.0,0.0,0.0
Do IT Now,2151,200.0,do it now,Do IT Now,3641,200.0,do it now,do it now,200.0,0.0,0.0
HPCwire,513,200.0,hpcwire,HPCwire,3041,200.0,hpcwire,hpcwire,200.0,0.0,0.0
Fivetech,695,200.0,fivetech,Fivetech,651,200.0,fivetech,fivetech,200.0,0.0,0.0
Atipa Technologies,1243,400.0,atipa technologies,Atipa Technologies,3009,400.0,atipa technologies,atipa technologies,400.0,0.0,0.0
Vultr,2801,400.0,vultr,Vultr,949,400.0,vultr,vultr,400.0,0.0,0.0
Untether AI,2250,200.0,untether ai,Untether AI,708,200.0,untether ai,untether ai,200.0,0.0,0.0
Research Organization for Information Science and Technology,1725,200.0,research organization for information science and technology,Research Organization for Information Science and Technology,3930,200.0,research organization for information science and technology,research organization for information science and technology,200.0,0.0,0.0
VIAVI Solutions,1070,200.0,viavi solutions,VIAVI Solutions,1008,200.0,viavi solutions,viavi solutions,200.0,0.0,0.0
Ingrasys Technology USA Inc.,2125,400.0,ingrasys technology usa inc,Ingrasys Technology USA Inc.,2845,400.0,ingrasys technology usa inc,ingrasys technology usa inc,400.0,0.0,0.0
Eaton Corporation,1695,400.0,eaton corporation,Eaton Corporation,3455,400.0,eaton corporation,eaton corporation,400.0,0.0,0.0
Western Digital,3007,400.0,western digital,Western Digital,2751,400.0,western digital,western digital,400.0,0.0,0.0
EPCC - The University of Edinburgh,313,400.0,epcc the university of edinburgh,EPCC - The University of Edinburgh,1101,400.0,epcc the university of edinburgh,epcc the university of edinburgh,400.0,0.0,0.0
"ITC/JCAHPC, The University of Tokyo",1067,400.0,itcjcahpc the university of tokyo,"ITC/JCAHPC, The University of Tokyo",4323,400.0,itcjcahpc the university of tokyo,itcjcahpc the university of tokyo,400.0,0.0,0.0
Rensselaer Polytechnic Institute,1871,200.0,rensselaer polytechnic institute,Rensselaer Polytechnic Institute,715,200.0,rensselaer polytechnic institute,rensselaer polytechnic institute,200.0,0.0,0.0
European Processor Initiative,213,400.0,european processor initiative,European Processor Initiative,4043,400.0,european processor initiative,european processor initiative,400.0,0.0,0.0
IQM Quantum Computers,2069,400.0,iqm quantum computers,IQM Quantum Computers,4439,400.0,iqm quantum computers,iqm quantum computers,400.0,0.0,0.0
INFN CNAF,1949,400.0,infn cnaf,INFN CNAF,3340,400.0,infn cnaf,infn cnaf,400.0,0.0,0.0
IEEE Computer Society,1963,400.0,ieee computer society,IEEE Computer Society,603,400.0,ieee computer society,ieee computer society,400.0,0.0,0.0
"HSS - State Key Laboratory of High-end Server & Storage Technology, Asia Supercomputer Community",1989,400.0,asia supercomputer community,Asia Supercomputer Community,3555,400.0,asia supercomputer community,asia supercomputer community,400.0,0.0,0.0
GigaIO,2031,400.0,gigaio,GigaIO,2945,400.0,gigaio,gigaio,400.0,0.0,0.0
Barcelona Supercomputing Center,1269,400.0,barcelona supercomputing center,Barcelona Supercomputing Center,3549,400.0,barcelona supercomputing center,barcelona supercomputing center,400.0,0.0,0.0
Texas Tech University,2075,200.0,texas tech university,Texas Tech University,814,200.0,texas tech university,texas tech university,200.0,0.0,0.0
The Digital Research Alliance of Canada,2081,200.0,the digital research alliance of canada,The Digital Research Alliance of Canada,1561,200.0,the digital research alliance of canada,the digital research alliance of canada,200.0,0.0,0.0
The University of Tokyo,1932,200.0,the university of tokyo,The University of Tokyo,909,200.0,the university of tokyo,the university of tokyo,200.0,0.0,0.0
"Speck Industries, LP",1388,200.0,speck industries lp,"Speck Industries, LP",1142,200.0,speck industries lp,speck industries lp,200.0,0.0,0.0
National Institute of Informatics,256,200.0,national institute of informatics,National Institute of Informatics,3914,200.0,national institute of informatics,national institute of informatics,200.0,0.0,0.0
Nara Institute of Science & Technology,1755,200.0,nara institute of science technology,Nara Institute of Science & Technology,4330,200.0,nara institute of science technology,nara institute of science technology,200.0,0.0,0.0
Nagoya University,1970,200.0,nagoya university,Nagoya University,3839,200.0,nagoya university,nagoya university,200.0,0.0,0.0
CPC,974,200.0,cpc,CPC,2502,200.0,cpc,cpc,200.0,0.0,0.0
"NSF Center for Space, High-Performance, and Resilient Computing",650,200.0,nsf center for space highperformance and resilient computing,"NSF Center for Space, High-Performance, and Resilient Computing",4324,200.0,nsf center for space highperformance and resilient computing,nsf center for space highperformance and resilient computing,200.0,0.0,0.0
National Security Agency (NSA),892,200.0,national security agency nsa,National Security Agency (NSA),2200,200.0,national security agency nsa,national security agency nsa,200.0,0.0,0.0
NIST (National Institute of Standards and Technology),1580,200.0,nist national institute of standards and technology,NIST (National Institute of Standards and Technology),631,200.0,nist national institute of standards and technology,nist national institute of standards and technology,200.0,0.0,0.0
"Moog, Inc.",1586,200.0,moog inc,"Moog, Inc.",4115,200.0,moog inc,moog inc,200.0,0.0,0.0
Microway Inc.,610,200.0,microway inc,Microway Inc.,3625,200.0,microway inc,microway inc,200.0,0.0,0.0
Michigan State University,1828,200.0,michigan state university,Michigan State University,3722,200.0,michigan state university,michigan state university,200.0,0.0,0.0
"Chilldyne, Inc.",489,200.0,chilldyne inc,"Chilldyne, Inc.",4615,200.0,chilldyne inc,chilldyne inc,200.0,0.0,0.0
"BEEHE Electric (Taicang) Co.,Ltd",3100,200.0,beehe electric taicang coltd,"BEEHE Electric (Taicang) Co.,Ltd",462,200.0,beehe electric taicang coltd,beehe electric taicang coltd,200.0,0.0,0.0
Danfoss Power Solutions,1995,200.0,danfoss power solutions,Danfoss Power Solutions,3144,200.0,danfoss power solutions,danfoss power solutions,200.0,0.0,0.0
University at Buffalo / Center for Computational Research,1686,200.0,university at buffalo center for computational research,University at Buffalo / Center for Computational Research,3938,200.0,university at buffalo center for computational research,university at buffalo center for computational research,200.0,0.0,0.0
University of Kentucky,1246,200.0,university of kentucky,University of Kentucky,4525,200.0,university of kentucky,university of kentucky,200.0,0.0,0.0
10Gtek,2231,100.0,10gtek,10Gtek,4310,100.0,10gtek,10gtek,100.0,0.0,0.0
